month,total_sales
03,1022197681.73227
01,1020589619.77539
04,987693232.81184
02,920196559.27644
05,296949549.94132
