CityName,sales
Tucson,48323509.2239
Jackson,47947515.69393
Sacramento,47696408.57908
Fort Wayne,47248149.56644
Indianapolis,46893820.57878
Columbus,46857559.6548
San Antonio,46646044.67586
Charlotte,46644813.98184
Phoenix,46387862.7609
Yonkers,46316603.54565
