day,total_sales
04-29,33368229.56906
02-24,33349786.77574
03-14,33339809.04286
05-09,33337928.98715
03-30,33264598.38969
